{
  "train": {
    "accuracy": 0.8308484203052893,
    "precision": 0.7490808823529411,
    "recall": 0.5451505016722408,
    "f1": 0.6310491676345334,
    "roc_auc": 0.8872820006448168,
    "confusion_matrix": [
      [
        3866,
        273
      ],
      [
        680,
        815
      ]
    ]
  },
  "test": {
    "accuracy": 0.8041163946061036,
    "precision": 0.675,
    "recall": 0.5053475935828877,
    "f1": 0.5779816513761468,
    "roc_auc": 0.8434304683665297,
    "confusion_matrix": [
      [
        944,
        91
      ],
      [
        185,
        189
      ]
    ]
  }
}